ts,fsp207_cpu_m,fsp207_mem_Mi,fsp208_cpu_m,fsp208_mem_Mi
19:23:20,3,3310,2,3466
19:23:24,3,3310,2,3466
19:23:29,3,3310,2,3466
19:23:33,3,3310,2,3466
19:23:38,3,3310,2,3466
19:23:43,3,3310,2,3466
19:23:48,3,3310,2,3466
19:23:52,3,3310,2,3466
19:23:56,3,3310,2,3466
19:24:00,3,3310,983,3668
19:24:06,940,3557,983,3668
19:24:10,940,3557,983,3668
19:24:14,940,3557,983,3668
19:24:18,940,3557,983,3668
19:24:23,940,3557,983,3668
19:24:27,940,3557,983,3668
19:24:32,940,3557,5,3665
19:24:36,818,3614,5,3665
19:24:40,818,3614,5,3665
19:24:44,818,3614,5,3665
19:24:48,818,3614,2,3665
19:24:52,740,3634,2,3665
19:24:57,740,3634,2,3665
19:25:01,740,3634,2,3665
19:25:05,740,3634,2,3665
19:25:09,740,3634,2,3665
19:25:13,740,3634,2,3665
19:25:18,740,3634,2,3665
19:25:22,710,3756,2,3665
19:25:26,710,3756,2,3665
19:25:30,710,3756,2,3665
19:25:34,657,3718,2,3665
19:25:38,657,3718,2,3665
19:25:42,657,3718,2,3665
19:25:47,657,3718,2,3665
19:25:51,,
19:26:40,,
19:26:42,,
19:26:44,,
19:26:46,,
19:26:48,,
19:26:50,,
19:26:52,,
19:26:54,,
19:26:57,,
19:26:59,,
19:27:01,,
19:27:03,,
19:27:05,,
19:27:07,,
19:27:09,3,3453,2,3665
19:27:16,3,3453,2,3665
19:27:41,4,3454,2,3665
19:28:02,3,3454,2,3665
19:28:07,3,3453,2,3665
19:28:11,3,3453,2,3665
19:28:15,3,3453,2,3665
19:28:19,3,3453,2,3665
19:28:23,3,3453,2,3665
19:28:27,3,3453,2,3665
19:28:31,3,3453,2,3665
19:28:43,3,3453,2,3665
19:28:47,3,3453,2,3665
19:28:51,3,3453,2,3665
19:28:55,3,3453,2,3665
19:29:07,3,3453,2,3665
19:29:11,3,3453,2,3665
19:29:14,3,3453,2,3665
19:29:18,3,3453,2,3665
19:29:22,3,3453,2,3665
19:29:26,3,3453,2,3665
19:29:30,3,3453,2,3665
19:29:34,3,3453,2,3665
19:29:38,3,3453,2,3665
19:29:42,3,3453,2,3665
19:29:46,3,3453,2,3665
19:29:50,3,3453,2,3665
19:29:53,3,3453,2,3665
19:29:57,3,3453,2,3665
19:30:01,3,3453,2,3665
19:30:05,3,3454,2,3665
19:30:09,3,3454,2,3665
19:30:13,3,3454,2,3665
19:30:17,3,3454,2,3665
19:30:21,3,3454,2,3665
19:30:25,3,3454,2,3665
19:30:28,3,3454,2,3665
19:30:32,3,3454,2,3665
19:30:36,3,3454,2,3665
19:30:40,3,3454,2,3665
19:30:44,3,3454,2,3665
19:30:48,3,3454,2,3665
19:30:52,3,3454,2,3665
19:30:58,3,3454,2,3665
19:31:03,3,3454,2,3665
19:31:08,3,3454,2,3665
19:31:13,3,3454,2,3665
19:31:17,3,3454,2,3665
19:31:21,3,3454,2,3665
19:31:28,3,3454,2,3665
19:31:44,3,3454,2,3665
19:31:48,3,3454,2,3665
19:31:52,3,3454,2,3665
19:31:56,3,3454,2,3665
19:32:00,3,3454,2,3665
19:32:04,3,3454,2,3665
19:32:08,3,3454,2,3665
19:32:11,3,3454,2,3665
19:32:15,3,3454,2,3665
19:32:19,3,3454,2,3665
19:32:23,3,3454,2,3665
19:32:26,3,3454,2,3665
19:32:31,3,3454,2,3665
19:32:35,3,3454,2,3665
19:32:38,3,3454,2,3665
19:32:42,3,3454,2,3665
19:32:47,3,3454,2,3665
19:32:52,3,3454,2,3665
19:32:56,3,3454,2,3665
19:32:59,3,3454,2,3665
19:33:03,3,3454,2,3665
19:33:16,3,3454,2,3665
19:33:44,3,3454,2,3665
19:34:35,3,3454,2,3665
19:34:42,3,3454,2,3665
19:34:47,3,3454,2,3665
19:34:51,3,3454,2,3665
19:34:55,3,3454,2,3665
19:34:59,3,3454,2,3665
19:35:02,3,3454,2,3665
19:35:06,3,3454,2,3665
19:35:10,3,3454,2,3665
19:35:14,3,3454,2,3665
19:35:17,3,3454,2,3665
19:35:21,3,3454,2,3665
19:35:25,3,3454,2,3665
19:35:29,3,3454,2,3665
19:35:33,3,3454,2,3665
19:35:36,3,3454,2,3665
19:35:40,3,3454,2,3665
19:35:44,3,3454,2,3665
19:35:48,3,3454,2,3665
19:35:52,3,3454,2,3665
19:35:56,3,3454,2,3665
19:36:00,3,3454,2,3665
19:36:04,3,3454,2,3665
19:36:07,3,3454,2,3665
19:36:11,3,3454,2,3665
19:36:15,3,3454,2,3665
19:36:19,3,3454,2,3665
19:36:23,3,3454,2,3665
19:36:27,3,3454,2,3665
19:36:31,3,3454,2,3665
19:36:35,3,3454,2,3665
19:36:39,3,3454,2,3665
19:36:43,3,3454,2,3665
19:36:46,3,3454,2,3665
19:36:51,3,3454,2,3665
19:36:57,3,3454,2,3665
19:37:01,3,3454,2,3665
19:37:06,3,3454,2,3665
19:37:10,3,3454,2,3665
19:37:19,3,3454,2,3665
19:37:25,3,3454,2,3665
19:37:29,3,3454,2,3665
19:37:33,3,3454,2,3665
19:37:38,3,3454,2,3665
19:37:42,3,3454,2,3665
19:37:46,3,3454,2,3665
19:37:50,3,3454,2,3665
19:37:54,3,3454,2,3665
19:37:58,3,3454,2,3665
19:38:01,3,3454,2,3665
19:38:05,4,3454,2,3665
19:38:09,4,3454,2,3665
19:38:13,4,3454,2,3665
19:38:17,4,3454,2,3665
19:38:20,3,3454,2,3665
